adsh,cik,name,form,period,afs
0001493152-26-016725,1812360,FOXO TECHNOLOGIES INC.,10-K,20251231,4-NON
0001437749-26-012302,1356093,"CREATIVE REALITIES, INC.",10-K,20251231,4-NON
0001185185-26-001363,1419275,RYVYL INC.,10-K,20251231,4-NON
0001096906-26-000615,1848672,GLIDELOGIC CORP.,10-K,20260131,4-NON
0001437749-26-019923,69733,"NATHANS FAMOUS, INC.",10-K,20260331,2-ACC
0001096906-26-000454,1391135,LFTD PARTNERS INC.,10-K,20251231,4-NON
0001213900-26-061133,1807616,HI-GREAT GROUP HOLDING CO,10-K,20251231,4-NON
0001437749-26-021988,1940177,"PODCASTONE, INC.",10-K,20260331,4-NON
0001193125-26-239413,1124804,VERADIGM INC.,10-K,20241231,2-ACC
0001628280-26-045111,107140,"JOHN WILEY & SONS, INC.",10-K,20260430,1-LAF
0001437749-26-021987,1491419,"LIVEONE, INC.",10-K,20260331,4-NON
0001683168-26-003672,1290658,"IIOT-OXYS, INC.",10-K,20251231,4-NON
0001140361-26-024463,918251,MOTORCAR PARTS OF AMERICA INC,10-K,20260331,2-ACC
0001829126-26-006699,1852889,LIBITY,10-K,20251231,4-NON
0001477932-26-002110,1134982,"APPLE ISPORTS GROUP, INC.",10-K,20251231,4-NON
0001070235-26-000076,1070235,BLACKBERRY LTD,10-Q,20260531,1-LAF
0001140361-26-024281,72633,NORTH EUROPEAN OIL ROYALTY TRUST,10-Q,20260430,4-NON
0001213900-26-056883,1817232,GLOBAL GAS CORP,10-Q,20260331,4-NON
0001232582-26-000118,1232582,ASHFORD HOSPITALITY TRUST INC,10-Q,20260331,4-NON
0001104659-26-062763,1094038,"MARKER THERAPEUTICS, INC.",10-Q,20260331,4-NON
0001437749-26-017240,1395585,FIRST TRINITY FINANCIAL CORP,10-Q,20260331,4-NON
0001158172-26-000021,1158172,"COMSCORE, INC.",10-Q,20260331,4-NON
0001437749-26-016748,1427925,"TALPHERA, INC.",10-Q,20260331,4-NON
0001637880-26-000025,1637880,"TRI-STATE GENERATION & TRANSMISSION ASSOCIATION, INC.",10-Q,20260331,4-NON
0001628280-26-031249,1530979,"HONEST COMPANY, INC.",10-Q,20260331,2-ACC
0001213900-26-057535,1610940,AMPLIFY COMMODITY TRUST,10-Q,20260331,4-NON
0001193125-26-208981,884219,"PURSUIT ATTRACTIONS & HOSPITALITY, INC.",10-Q,20260331,2-ACC
0001437749-26-016914,732026,TRIO-TECH INTERNATIONAL,10-Q,20260331,4-NON
0001728117-26-000032,1728117,"GOSSAMER BIO, INC.",10-Q,20260331,4-NON
0001645113-26-000042,1645113,NOVOCURE LTD,10-Q,20260331,1-LAF
0000003570-26-000014,3570,CHENIERE ENERGY INC,10-Q,20260331,1-LAF
0000022701-26-000007,22701,"SUNATION ENERGY, INC.",10-Q,20260331,4-NON
0000029644-26-000052,29644,DONALDSON CO INC,10-Q,20260430,1-LAF
0000038725-26-000026,38725,FRANKLIN ELECTRIC CO INC,10-Q,20260331,1-LAF
0000039263-26-000035,39263,"CULLEN/FROST BANKERS, INC.",10-Q,20260331,1-LAF
0000049600-26-000029,49600,EASTGROUP PROPERTIES INC,10-Q,20260331,1-LAF
0000712537-26-000022,712537,FIRST COMMONWEALTH FINANCIAL CORP /PA/,10-Q,20260331,1-LAF
0000737758-26-000018,737758,TORO CO,10-Q,20260430,1-LAF
0000779152-26-000025,779152,JACK HENRY & ASSOCIATES INC,10-Q,20260331,1-LAF
0000805676-26-000039,805676,PARK NATIONAL CORP /OH/,10-Q,20260331,1-LAF
0000922224-26-000026,922224,PPL CORP,10-Q,20260331,1-LAF
0000944075-26-000040,944075,"SOCKET MOBILE, INC.",10-Q,20260331,4-NON
0001213900-26-058993,1734750,"CORVEX, INC.",10-Q,20260331,4-NON
0001477932-26-002319,1386044,"AWARENESS GROUP, INC.",10-Q,20251231,4-NON
0001663577-26-000107,1605331,AI ERA CORP.,10-Q,20260228,4-NON
