model,metric,estimate,ci_low,ci_high
scorecard,auc,0.74931317806416,0.7299987711770902,0.7684338941526687
scorecard,ks,0.4177058583971388,0.38612328889626607,0.4590844593790391
scorecard,brier,0.04396047331988121,0.04346171096775061,0.04444272569825605
scorecard,ece,0.008404900978501825,0.006383650590540681,0.012749543355819197
altman_z,auc,0.6898784237354544,0.6678275536837988,0.712372503189471
altman_z,ks,0.2937023147549463,0.26432269018286303,0.3382273618330177
altman_z,brier,0.04499021449519792,0.04469040602386802,0.0452679479692365
altman_z,ece,0.015733198876777602,0.012828061275768429,0.019493878009091973
gbm,auc,0.9710708709137617,0.9658348902712611,0.9762429640237967
gbm,ks,0.8173235722332345,0.8005550901898112,0.8437334020444782
gbm,brier,0.019321393515932123,0.01793587747510088,0.020745791596993756
gbm,ece,0.008910276473570209,0.007520297670594286,0.010935681595800667
gbm_spread,auc,0.8383134116048492,0.8242036439424499,0.852584740528574
gbm_spread,ks,0.5355991283721055,0.5085754789996739,0.5711536588362982
gbm_spread,brier,0.04126461793011371,0.04045350145565818,0.042092960354863436
gbm_spread,ece,0.006850171022306906,0.004908466731144594,0.010226294012278956
scorecard - altman_z,auc_diff,0.0594347543287056,0.04535373050691195,0.07301800997598315
gbm_spread - scorecard,auc_diff,0.0890002335406892,0.0763435119758764,0.10217801301265556
gbm - scorecard,auc_diff,0.22175769284960167,0.20339758275736264,0.2400430988726354
