bin,n,mean_pd,observed_rate,model
1,1303,0.008271051578299708,0.0061396776669224865,scorecard
2,1303,0.013351051333014813,0.023023791250959325,scorecard
3,1302,0.01570346115176386,0.010752688172043012,scorecard
4,1302,0.01836562624003113,0.019201228878648235,scorecard
5,1302,0.023822301465653787,0.02304147465437788,scorecard
6,1302,0.03234575726757278,0.023809523809523808,scorecard
7,1302,0.04456274565246564,0.04685099846390169,scorecard
8,1302,0.06001323362419878,0.08678955453149001,scorecard
9,1302,0.08544243596820776,0.0913978494623656,scorecard
10,1302,0.17266295187828812,0.15053763440860216,scorecard
1,1303,0.01572779870383864,0.026093630084420567,altman_z
2,1303,0.030953919967798976,0.013046815042210284,altman_z
3,1302,0.03728970921787644,0.02534562211981567,altman_z
4,1302,0.041598543124451624,0.021505376344086023,altman_z
5,1302,0.04547836424464738,0.0314900153609831,altman_z
6,1302,0.04869103482525423,0.042242703533026116,altman_z
7,1302,0.05177685315214849,0.0445468509984639,altman_z
8,1302,0.055101981709036955,0.05683563748079877,altman_z
9,1302,0.05965109570662532,0.08755760368663594,altman_z
10,1302,0.0931550986030495,0.13287250384024576,altman_z
1,1303,0.0003231613185141885,0.0,gbm
2,1303,0.0005429117049493441,0.0,gbm
3,1302,0.0008806782606596828,0.0,gbm
4,1302,0.0015106631819413584,0.0,gbm
5,1302,0.0025588443702468737,0.0007680491551459293,gbm
6,1302,0.0043698495415979135,0.004608294930875576,gbm
7,1302,0.00766297775861324,0.007680491551459293,gbm
8,1302,0.014181938251073348,0.009984639016897081,gbm
9,1302,0.03293651762881238,0.03917050691244239,gbm
10,1302,0.34597450948108954,0.41935483870967744,gbm
1,1303,0.001843968227517361,0.0,gbm_spread
2,1303,0.004090628939626722,0.0023023791250959325,gbm_spread
3,1302,0.008237657965522213,0.0030721966205837174,gbm_spread
4,1302,0.012475838836395654,0.010752688172043012,gbm_spread
5,1302,0.01694219370563702,0.02457757296466974,gbm_spread
6,1302,0.023847096978903037,0.020737327188940093,gbm_spread
7,1302,0.035295097928294786,0.030721966205837174,gbm_spread
8,1302,0.052771775376817265,0.06682027649769585,gbm_spread
9,1302,0.08709041956237921,0.11136712749615975,gbm_spread
10,1302,0.21555864082488202,0.21121351766513058,gbm_spread
