adsh,ruleset,runtime_s,n_findings_all_rules
0000003570-26-000014,dqc-us-2025-V30-ruleset.zip,27.15,0
0000022701-26-000007,dqc-us-2025-V30-ruleset.zip,26.28,0
0000029644-26-000052,dqc-us-2025-V30-ruleset.zip,27.73,0
0000038725-26-000026,dqc-us-2026-V30-ruleset.zip,26.67,15
0000039263-26-000035,dqc-us-2025-V30-ruleset.zip,31.81,4
0000049600-26-000029,dqc-us-2025-V30-ruleset.zip,24.89,2
0000712537-26-000022,dqc-us-2025-V30-ruleset.zip,35.78,20
0000737758-26-000018,dqc-us-2025-V30-ruleset.zip,27.05,0
0000779152-26-000025,dqc-us-2026-V30-ruleset.zip,26.15,4
0000805676-26-000039,dqc-us-2026-V30-ruleset.zip,34.55,29
0000922224-26-000026,dqc-us-2026-V30-ruleset.zip,43.87,12
0000944075-26-000040,dqc-us-2026-V30-ruleset.zip,23.83,30
0001070235-26-000076,dqc-us-2025-V30-ruleset.zip,26.17,0
0001096906-26-000454,dqc-us-2025-V30-ruleset.zip,36.58,64
0001096906-26-000615,dqc-us-2024-V30-ruleset.zip,97.9,16
0001104659-26-062763,dqc-us-2025-V30-ruleset.zip,28.09,0
0001140361-26-024281,dqc-us-2025-V30-ruleset.zip,20.22,0
0001140361-26-024463,dqc-us-2025-V30-ruleset.zip,36.84,1
0001158172-26-000021,dqc-us-2025-V30-ruleset.zip,25.53,0
0001185185-26-001363,dqc-us-2025-V30-ruleset.zip,41.44,5
0001193125-26-208981,dqc-us-2025-V30-ruleset.zip,26.88,0
0001193125-26-239413,dqc-us-2024-V30-ruleset.zip,46.13,0
0001213900-26-056883,dqc-us-2026-V30-ruleset.zip,23.05,0
0001213900-26-057535,dqc-us-2026-V30-ruleset.zip,27.82,0
0001213900-26-058993,dqc-us-2026-V30-ruleset.zip,26.03,0
0001213900-26-061133,dqc-us-2025-V30-ruleset.zip,24.72,0
0001232582-26-000118,dqc-us-2025-V30-ruleset.zip,71.14,0
0001437749-26-012302,dqc-us-2025-V30-ruleset.zip,44.03,3
0001437749-26-016748,dqc-us-2026-V30-ruleset.zip,24.19,3
0001437749-26-016914,dqc-us-2026-V30-ruleset.zip,31.1,0
0001437749-26-017240,dqc-us-2026-V30-ruleset.zip,30.58,0
0001437749-26-019923,dqc-us-2026-V30-ruleset.zip,40.28,3
0001437749-26-021987,dqc-us-2026-V30-ruleset.zip,31.43,2
0001437749-26-021988,dqc-us-2026-V30-ruleset.zip,30.67,0
0001477932-26-002110,dqc-us-2025-V30-ruleset.zip,25.67,25
0001477932-26-002319,dqc-us-2025-V30-ruleset.zip,24.72,20
0001493152-26-016725,dqc-us-2025-V30-ruleset.zip,38.51,0
0001628280-26-031249,dqc-us-2025-V30-ruleset.zip,24.02,0
0001628280-26-045111,dqc-us-2025-V30-ruleset.zip,32.0,1
0001637880-26-000025,dqc-us-2026-V30-ruleset.zip,27.49,4
0001645113-26-000042,dqc-us-2025-V30-ruleset.zip,24.9,0
0001663577-26-000107,dqc-us-2026-V30-ruleset.zip,25.98,40
0001683168-26-003672,dqc-us-2025-V30-ruleset.zip,26.14,0
0001728117-26-000032,dqc-us-2025-V30-ruleset.zip,25.02,0
0001829126-26-006699,dqc-us-2025-V30-ruleset.zip,24.27,4
