adsh,rule,concept,line_items,ratio,before,after,changed
0000779152-26-000025,DQC_0004,Assets,total_assets,debt_to_ebitda,inf,inf,False
0000779152-26-000025,DQC_0004,Assets,total_assets,net_leverage,inf,inf,False
0000779152-26-000025,DQC_0004,Assets,total_assets,interest_coverage,-44.3752,-44.3752,False
0000779152-26-000025,DQC_0004,Assets,total_assets,dscr,,,False
0000779152-26-000025,DQC_0004,Assets,total_assets,fccr,,,False
0000779152-26-000025,DQC_0004,Assets,total_assets,current_ratio,1.74372,1.74372,False
0000779152-26-000025,DQC_0004,Assets,total_assets,debt_to_equity,0.0421583,0.0421583,False
0000922224-26-000026,DQC_0004,Assets,total_assets,debt_to_ebitda,4.61633,4.61633,False
0000922224-26-000026,DQC_0004,Assets,total_assets,net_leverage,4.33326,4.33326,False
0000922224-26-000026,DQC_0004,Assets,total_assets,interest_coverage,3.32589,3.32589,False
0000922224-26-000026,DQC_0004,Assets,total_assets,dscr,2.31958,2.31958,False
0000922224-26-000026,DQC_0004,Assets,total_assets,fccr,-0.148148,-0.148148,False
0000922224-26-000026,DQC_0004,Assets,total_assets,current_ratio,1.00325,1.00325,False
0000922224-26-000026,DQC_0004,Assets,total_assets,debt_to_equity,1.34749,1.34749,False
0001096906-26-000839,DQC_0004,Assets,total_assets,debt_to_ebitda,inf,inf,False
0001096906-26-000839,DQC_0004,Assets,total_assets,net_leverage,inf,inf,False
0001096906-26-000839,DQC_0004,Assets,total_assets,interest_coverage,-3.98314,-3.98314,False
0001096906-26-000839,DQC_0004,Assets,total_assets,dscr,-3.90647,-3.90647,False
0001096906-26-000839,DQC_0004,Assets,total_assets,fccr,-3.90647,-3.90647,False
0001096906-26-000839,DQC_0004,Assets,total_assets,current_ratio,0.464889,0.464889,False
0001096906-26-000839,DQC_0004,Assets,total_assets,debt_to_equity,inf,inf,False
0001193125-26-221656,DQC_0015,PaymentsToAcquirePropertyPlantAndEquipment,capex,debt_to_ebitda,inf,inf,False
0001193125-26-221656,DQC_0015,PaymentsToAcquirePropertyPlantAndEquipment,capex,net_leverage,inf,inf,False
0001193125-26-221656,DQC_0015,PaymentsToAcquirePropertyPlantAndEquipment,capex,interest_coverage,22.4019,22.4019,False
0001193125-26-221656,DQC_0015,PaymentsToAcquirePropertyPlantAndEquipment,capex,dscr,22.1893,22.1893,False
0001193125-26-221656,DQC_0015,PaymentsToAcquirePropertyPlantAndEquipment,capex,fccr,22.1888,22.1906,False
0001193125-26-221656,DQC_0015,PaymentsToAcquirePropertyPlantAndEquipment,capex,current_ratio,27.378,27.378,False
0001193125-26-221656,DQC_0015,PaymentsToAcquirePropertyPlantAndEquipment,capex,debt_to_equity,0,0,False
0001376474-26-000348,DQC_0004,Assets,total_assets,debt_to_ebitda,0,0,False
0001376474-26-000348,DQC_0004,Assets,total_assets,net_leverage,-0.104639,-0.104639,False
0001376474-26-000348,DQC_0004,Assets,total_assets,interest_coverage,inf,inf,False
0001376474-26-000348,DQC_0004,Assets,total_assets,dscr,inf,inf,False
0001376474-26-000348,DQC_0004,Assets,total_assets,fccr,inf,inf,False
0001376474-26-000348,DQC_0004,Assets,total_assets,current_ratio,28.2052,28.2052,False
0001376474-26-000348,DQC_0004,Assets,total_assets,debt_to_equity,0,0,False
0001580642-26-003197,DQC_0015,CashCashEquivalentsRestrictedCashAndRestrictedCashEquivalents,cash,debt_to_ebitda,inf,inf,False
0001580642-26-003197,DQC_0015,CashCashEquivalentsRestrictedCashAndRestrictedCashEquivalents,cash,net_leverage,inf,inf,False
0001580642-26-003197,DQC_0015,CashCashEquivalentsRestrictedCashAndRestrictedCashEquivalents,cash,interest_coverage,-inf,-inf,False
0001580642-26-003197,DQC_0015,CashCashEquivalentsRestrictedCashAndRestrictedCashEquivalents,cash,dscr,-inf,-inf,False
0001580642-26-003197,DQC_0015,CashCashEquivalentsRestrictedCashAndRestrictedCashEquivalents,cash,fccr,-inf,-inf,False
0001580642-26-003197,DQC_0015,CashCashEquivalentsRestrictedCashAndRestrictedCashEquivalents,cash,current_ratio,0.110114,0.110114,False
0001580642-26-003197,DQC_0015,CashCashEquivalentsRestrictedCashAndRestrictedCashEquivalents,cash,debt_to_equity,0,0,False
