rule,matched,bulk_only,arelle_only,finding_agreement,filings_flagged_bulk,filings_flagged_arelle,filing_agreement,unexplained
DQC_0001,2,1,0,0.6667,2,1,0.9778,0
DQC_0004,11,0,0,1.0000,3,3,1.0000,0
DQC_0005,0,0,0,1.0000,0,0,1.0000,0
DQC_0008,1,0,0,1.0000,1,1,1.0000,0
DQC_0009,2,1,0,0.6667,2,1,0.9778,0
DQC_0013,0,0,0,1.0000,0,0,1.0000,0
DQC_0014,1,0,0,1.0000,1,1,1.0000,0
DQC_0015,8,0,2,0.8000,5,5,1.0000,0
DQC_0036,0,0,0,1.0000,0,0,1.0000,0
DQC_0091,0,0,0,1.0000,0,0,1.0000,0
DQC_0095,0,0,0,1.0000,0,0,1.0000,0
DQC_0125,0,0,0,1.0000,0,0,1.0000,0
DQC_0194,4,0,0,1.0000,2,2,1.0000,0
DQC_0195,11,0,0,1.0000,4,4,1.0000,0
